<?xml version="1.0" encoding="utf-8" ?><dwsync><file name="Flaticon.woff" server="ftp.e1learningacademy.com" local="3653887566" remote="3656921820" Dst="-1" /><file name="Flaticon.eot" server="ftp.e1learningacademy.com" local="3653887566" remote="3656921820" Dst="-1" /><file name="glyphicons-halflings-regular.woff" server="ftp.e1learningacademy.com" local="3653887566" remote="3656921820" Dst="-1" /><file name="FontAwesome.otf" server="ftp.e1learningacademy.com" local="3653887566" remote="3656921820" Dst="-1" /><file name="fontawesome-webfont.svg" server="ftp.e1learningacademy.com" local="3653887566" remote="3656921820" Dst="-1" /><file name="glyphicons-halflings-regular.woff2" server="ftp.e1learningacademy.com" local="3653887566" remote="3656921820" Dst="-1" /><file name="Flaticon.ttf" server="ftp.e1learningacademy.com" local="3653887566" remote="3656921820" Dst="-1" /><file name="glyphicons-halflings-regular.eot" server="ftp.e1learningacademy.com" local="3653887566" remote="3656921820" Dst="-1" /><file name="glyphicons-halflings-regular.ttf" server="ftp.e1learningacademy.com" local="3653887566" remote="3656921820" Dst="-1" /><file name="fontawesome-webfont.woff2" server="ftp.e1learningacademy.com" local="3653887566" remote="3656921820" Dst="-1" /><file name="fontawesome-webfont.ttf" server="ftp.e1learningacademy.com" local="3653887566" remote="3656921820" Dst="-1" /><file name="flaticon.css" server="ftp.e1learningacademy.com" local="3653887566" remote="3656921820" Dst="-1" /><file name="fontawesome-webfont.woff" server="ftp.e1learningacademy.com" local="3653887566" remote="3656921820" Dst="-1" /><file name="glyphicons-halflings-regular.svg" server="ftp.e1learningacademy.com" local="3653887566" remote="3656921820" Dst="-1" /><file name="Flaticon.svg" server="ftp.e1learningacademy.com" local="3653887566" remote="3656921820" Dst="-1" /><file name="fontawesome-webfont.eot" server="ftp.e1learningacademy.com" local="3653887566" remote="3656921820" Dst="-1" /></dwsync>