<?xml version="1.0" encoding="utf-8" ?><dwsync><file name="3.png" server="ftp.e1learningacademy.com" local="3634463530" remote="3656921820" Dst="-1" /><file name="6.png" server="ftp.e1learningacademy.com" local="3634463726" remote="3656921820" Dst="-1" /><file name="2.png" server="ftp.e1learningacademy.com" local="3634463496" remote="3656921820" Dst="-1" /><file name="1.png" server="ftp.e1learningacademy.com" local="3634463460" remote="3656921820" Dst="-1" /><file name="5.png" server="ftp.e1learningacademy.com" local="3634463598" remote="3656921940" Dst="-1" /><file name="4.png" server="ftp.e1learningacademy.com" local="3634463560" remote="3656922000" Dst="-1" /><file name="8.png" server="ftp.e1learningacademy.com" local="3634464028" remote="3656922000" Dst="-1" /><file name="7.png" server="ftp.e1learningacademy.com" local="3634463998" remote="3656922000" Dst="-1" /></dwsync>