<?xml version="1.0" encoding="utf-8" ?><dwsync><file name="btnNext.png" server="ftp.e1learningacademy.com" local="3653887566" remote="3656921640" Dst="-1" /><file name="contentPatternTop.png" server="ftp.e1learningacademy.com" local="3653887566" remote="3656921640" Dst="-1" /><file name="contentPatternBottom.png" server="ftp.e1learningacademy.com" local="3653887566" remote="3656921640" Dst="-1" /><file name="btnPrevious.png" server="ftp.e1learningacademy.com" local="3653887566" remote="3656921640" Dst="-1" /><file name="default_thumbnail.gif" server="ftp.e1learningacademy.com" local="3653887566" remote="3656921640" Dst="-1" /><file name="contentPatternRight.png" server="ftp.e1learningacademy.com" local="3653887566" remote="3656921640" Dst="-1" /><file name="contentPatternLeft.png" server="ftp.e1learningacademy.com" local="3653887566" remote="3656921640" Dst="-1" /><file name="loader.gif" server="ftp.e1learningacademy.com" local="3653887566" remote="3656921640" Dst="-1" /><file name="sprite.png" server="ftp.e1learningacademy.com" local="3653887566" remote="3656921640" Dst="-1" /></dwsync>